{
  "best_global_step": null,
  "best_metric": null,
  "best_model_checkpoint": null,
  "epoch": 50.0,
  "eval_steps": 500,
  "global_step": 100,
  "is_hyper_param_search": false,
  "is_local_process_zero": true,
  "is_world_process_zero": true,
  "log_history": [
    {
      "entropy": 4.0631817499796545,
      "epoch": 5.0,
      "grad_norm": 0.21484375,
      "learning_rate": 4.55e-05,
      "logits/chosen": -0.5503435583385694,
      "logits/rejected": -0.5142345063754139,
      "logps/chosen": -2544.7253580729166,
      "logps/rejected": -2587.1449462890623,
      "loss": 0.6986567497253418,
      "mean_token_accuracy": 0.0,
      "num_tokens": 22130.0,
      "rewards/accuracies": 0.1,
      "rewards/chosen": -0.004583333275513723,
      "rewards/margins": -0.009701334700609247,
      "rewards/rejected": 0.005118001412726395,
      "step": 10
    },
    {
      "entropy": 4.064740959803263,
      "epoch": 10.0,
      "grad_norm": 0.045654296875,
      "learning_rate": 4.05e-05,
      "logits/chosen": -0.550341743646666,
      "logits/rejected": -0.5151957499580482,
      "logps/chosen": -2544.7301025390625,
      "logps/rejected": -2588.129345703125,
      "loss": 0.6723419666290283,
      "mean_token_accuracy": 0.0,
      "num_tokens": 44260.0,
      "rewards/accuracies": 0.3,
      "rewards/chosen": -0.005057780110413053,
      "rewards/margins": 0.08826416137162596,
      "rewards/rejected": -0.09332194375941374,
      "step": 20
    },
    {
      "entropy": 4.0655624071757,
      "epoch": 15.0,
      "grad_norm": 0.02685546875,
      "learning_rate": 3.55e-05,
      "logits/chosen": -0.550072346177212,
      "logits/rejected": -0.5155120337040233,
      "logps/chosen": -2544.76240234375,
      "logps/rejected": -2589.5238688151044,
      "loss": 0.6130870819091797,
      "mean_token_accuracy": 0.0,
      "num_tokens": 66390.0,
      "rewards/accuracies": 0.4666666666666667,
      "rewards/chosen": -0.00828776060952805,
      "rewards/margins": 0.2244864970833684,
      "rewards/rejected": -0.23277425440610386,
      "step": 30
    },
    {
      "entropy": 4.065189345677694,
      "epoch": 20.0,
      "grad_norm": 0.017333984375,
      "learning_rate": 3.05e-05,
      "logits/chosen": -0.5491360430261577,
      "logits/rejected": -0.5145442962646485,
      "logps/chosen": -2544.9340576171876,
      "logps/rejected": -2589.7699625651044,
      "loss": 0.598731803894043,
      "mean_token_accuracy": 0.0,
      "num_tokens": 88520.0,
      "rewards/accuracies": 0.4666666666666667,
      "rewards/chosen": -0.0254532880615443,
      "rewards/margins": 0.23193034366704524,
      "rewards/rejected": -0.2573836324736476,
      "step": 40
    },
    {
      "entropy": 4.065269343058268,
      "epoch": 25.0,
      "grad_norm": 0.031982421875,
      "learning_rate": 2.5500000000000003e-05,
      "logits/chosen": -0.5488994243533113,
      "logits/rejected": -0.5141714219283072,
      "logps/chosen": -2544.9453369140624,
      "logps/rejected": -2589.8504150390627,
      "loss": 0.6190750598907471,
      "mean_token_accuracy": 0.0,
      "num_tokens": 110650.0,
      "rewards/accuracies": 0.7,
      "rewards/chosen": -0.0265812178569225,
      "rewards/margins": 0.23884766967967153,
      "rewards/rejected": -0.2654288827752074,
      "step": 50
    },
    {
      "entropy": 4.064897934595744,
      "epoch": 30.0,
      "grad_norm": 0.03857421875,
      "learning_rate": 2.05e-05,
      "logits/chosen": -0.547846486094078,
      "logits/rejected": -0.513258372659215,
      "logps/chosen": -2544.3189615885417,
      "logps/rejected": -2590.0096028645835,
      "loss": 0.5862757682800293,
      "mean_token_accuracy": 0.0,
      "num_tokens": 132780.0,
      "rewards/accuracies": 0.8,
      "rewards/chosen": 0.036056315060704947,
      "rewards/margins": 0.3174039789785941,
      "rewards/rejected": -0.2813476599752903,
      "step": 60
    },
    {
      "entropy": 4.064589007695516,
      "epoch": 35.0,
      "grad_norm": 0.0247802734375,
      "learning_rate": 1.55e-05,
      "logits/chosen": -0.5475206182908642,
      "logits/rejected": -0.5129473861181767,
      "logps/chosen": -2544.161165364583,
      "logps/rejected": -2590.128857421875,
      "loss": 0.5669008731842041,
      "mean_token_accuracy": 0.0,
      "num_tokens": 154910.0,
      "rewards/accuracies": 0.8333333333333334,
      "rewards/chosen": 0.051835939295900364,
      "rewards/margins": 0.3451090520247817,
      "rewards/rejected": -0.29327311453719934,
      "step": 70
    },
    {
      "entropy": 4.06456888516744,
      "epoch": 40.0,
      "grad_norm": 0.04150390625,
      "learning_rate": 1.05e-05,
      "logits/chosen": -0.5475001214394583,
      "logits/rejected": -0.5128367608831834,
      "logps/chosen": -2544.174072265625,
      "logps/rejected": -2590.1558919270833,
      "loss": 0.5715983390808106,
      "mean_token_accuracy": 0.0,
      "num_tokens": 177040.0,
      "rewards/accuracies": 0.8666666666666667,
      "rewards/chosen": 0.05054524753553172,
      "rewards/margins": 0.3465218092004458,
      "rewards/rejected": -0.2959765632947286,
      "step": 80
    },
    {
      "entropy": 4.0644874731699625,
      "epoch": 45.0,
      "grad_norm": 0.03515625,
      "learning_rate": 5.500000000000001e-06,
      "logits/chosen": -0.5473482797312182,
      "logits/rejected": -0.5126222575973787,
      "logps/chosen": -2544.188899739583,
      "logps/rejected": -2590.198966471354,
      "loss": 0.5642147541046143,
      "mean_token_accuracy": 0.0,
      "num_tokens": 199170.0,
      "rewards/accuracies": 0.8666666666666667,
      "rewards/chosen": 0.049062500979440905,
      "rewards/margins": 0.34934652093797924,
      "rewards/rejected": -0.30028402072687943,
      "step": 90
    },
    {
      "entropy": 4.064451503753662,
      "epoch": 50.0,
      "grad_norm": 0.041748046875,
      "learning_rate": 5.000000000000001e-07,
      "logits/chosen": -0.5471550608790198,
      "logits/rejected": -0.5123677946184341,
      "logps/chosen": -2544.2412272135416,
      "logps/rejected": -2590.2608235677085,
      "loss": 0.5519094944000245,
      "mean_token_accuracy": 0.0,
      "num_tokens": 221300.0,
      "rewards/accuracies": 0.8666666666666667,
      "rewards/chosen": 0.04382975364181523,
      "rewards/margins": 0.3502994862695535,
      "rewards/rejected": -0.3064697340130806,
      "step": 100
    }
  ],
  "logging_steps": 10,
  "max_steps": 100,
  "num_input_tokens_seen": 0,
  "num_train_epochs": 50,
  "save_steps": 500,
  "stateful_callbacks": {
    "TrainerControl": {
      "args": {
        "should_epoch_stop": false,
        "should_evaluate": false,
        "should_log": false,
        "should_save": true,
        "should_training_stop": true
      },
      "attributes": {}
    }
  },
  "total_flos": 5380230643660800.0,
  "train_batch_size": 1,
  "trial_name": null,
  "trial_params": null
}
